page,person
1,Amma
2,Dominique
2,Amma
3,Yazz
3,Amma
4,Amma
5,Amma
5,Simone
6,Amma
6,Dominique
7,Dominique
7,Cecilia
7,Amma
7,Wintley
8,Dominique
8,Amma
9,Dominique
9,Amma
9,Kwabena
9,Helen
10,Helen
10,Kwabena
10,Amma
11,Helen
12,Kwabena
12,Helen
12,Amma
12,Elaine
13,Amma
13,Elaine
13,Dominique
14,Dominique
15,Amma
15,Dominique
16,Amma
18,Amma
19,Amma
19,Maryse
20,Amma
20,Dominique
21,Amma
22,Amma
22,Yazz
22,Dolores
22,Jackie
22,Dominique
23,Amma
23,Yazz
23,Bob
24,Amma
24,Nawi
25,Amma
25,Nawi
25,Dominique
26,Dominique
26,Amma
26,Shirley
27,Shirley
27,Amma
27,Errol
27,Tony
27,Yazz
28,Mabel
28,Olive
28,Katrina
28,Kirsty
28,Lakshmi
28,Amma
29,Lakshmi
29,Amma
29,Georgie
30,Georgie
30,Amma
30,Sylvester
31,Amma
31,Sylvester
31,Curwen
32,Sylvester
32,Amma
32,Curwen
33,Amma
33,Sylvester
34,Sylvester
34,Amma
34,Jack Staniforth
34,Jonathan
35,Amma
35,Helen
36,Yazz
36,Amma
36,Shirley
36,Roland
37,Yazz
37,Marissa
38,Amma
38,Yazz
39,Yazz
39,Amma
39,Megan/Morgan
40,Amma
40,Yazz
41,Yazz
41,Amma
41,Waris
41,Courtney
42,Yazz
42,Amma
42,Waris
42,Courtney
43,Amma
43,Sylvester
44,Yazz
44,Amma
44,Sylvester
44,Curwen
45,Roland
46,Roland
47,Yazz
47,Amma
47,Roland
48,Yazz
48,Amma
48,Roland
48,Kenny
49,Yazz
49,Amma
49,Roland
49,Kenny
50,Yazz
50,Amma
51,Yazz
51,Amma
51,Roland
51,Dolores
51,Jackie
52,Yazz
52,Amma
53,Yazz
53,Steve
54,Yazz
54,Amma
54,Nenet
54,Kadim
55,Yazz
55,Amma
55,Waris
55,Nenet
55,Einar
56,Yazz
56,Waris
56,Courtney
57,Yazz
57,Waris
57,Courtney
58,Yazz
58,Waris
59,Yazz
59,Amma
59,Waris
59,Xaanan
60,Yazz
60,Waris
61,Yazz
61,Waris
61,Nenet
62,Courtney
62,Yazz
62,Nenet
62,Waris
63,Nenet
63,Courtney
63,Yazz
63,Waris
64,Waris
64,Yazz
64,Nenet
64,Courtney
65,Yazz
65,Courtney
66,Courtney
66,Waris
66,Yazz
67,Yazz
67,Courtney
67,Amma
67,Kwabena
67,Raj
68,Amma
68,Yazz
68,Courtney
69,Nenet
69,Courtney
69,Lady Maisie
69,Yazz
70,Yazz
70,Nenet
70,Courtney
71,Yazz
71,Courtney
71,Waris
71,Nenet
72,Yazz
72,Kadim
72,Nenet
72,Courtney
72,Waris
72,Amma
73,Yazz
73,Courtney
73,Waris
74,Waris
74,Yazz
75,Dominique
75,Nzinga
76,Dominique
76,Nzinga
77,Dominique
77,Nzinga
77,Andy
78,Andy
78,Dominique
78,Nzinga
79,Dominique
79,Nzinga
79,Amma
80,Dominique
80,Amma
80,Nzinga
81,Dominique
81,Nzinga
81,Amma
82,Nzinga
82,Amma
82,Dominique
83,Amma
83,Nzinga
83,Dominique
84,Nzinga
84,Dominique
84,Amma
85,Dominique
85,Nzinga
85,Amma
86,Nzinga
86,Dominique
86,Amma
86,Gaia
87,Dominique
87,Gaia
88,Dominique
88,Nzinga
88,Gaia
89,Dominique
89,Nzinga
89,Esther
90,Dominique
90,Nzinga
91,Nzinga
91,Dominique
92,Nzinga
92,Roz
93,Nzinga
93,Dominique
93,Roz
94,Nzinga
94,Dominique
95,Nzinga
95,Dominique
95,Amma
96,Dominique
96,Nzinga
97,Nzinga
97,Dominique
97,Tilley
98,Nzinga
98,Dominique
99,Nzinga
99,Dominique
99,Amma
100,Amma
100,Dominique
100,Nzinga
101,Nzinga
101,Amma
101,Dominique
102,Dominique
102,Amma
102,Nzinga
103,Dominique
103,Nzinga
103,Amma
104,Dominique
104,Nzinga
104,Gaia
104,Tilley
105,Nzinga
105,Dominique
105,Gaia
106,Dominique
106,Gaia
106,Nzinga
107,Nzinga
107,Dominique
107,Gaia
107,Maya
107,Jessica
108,Amma
108,Dominique
108,Maya
108,Jessica
109,Maya
109,Jessica
109,Amma
109,Dominique
109,Nzinga
109,Gaia
110,Dominique
110,Nzinga
110,Sahara
111,Dominique
111,Nzinga
111,Laverne
112,Dominique
112,Thalia
112,Rory
113,Carole
114,Carole
115,Carole
116,Carole
117,Carole
118,Frederick Marchmont
119,Carole
120,LaTisha
120,Jayla
120,Bummi
121,Bummi
121,Carole
122,LaTisha
122,Carole
122,Trey
122,Alicia
123,LaTisha
123,Carole
123,Chloe
123,Lauren
123,Trey
124,Trey
124,Bummi
124,Carole
124,LaTisha
125,Bummi
125,LaTisha
126,Bummi
126,Carole
127,Carole
127,Bummi
127,LaTisha
127,Sheryl
128,LaTisha
128,Chloe
128,Lauren
128,Carole
128,Bummi
129,Shirley
129,Carole
130,Shirley
130,Carole
130,LaTisha
130,Chloe
130,Lauren
131,Carole
133,Carole
133,Bummi
133,Papa
134,Carole
134,Papa
135,Carole
135,Marcus
136,Marcus
136,Carole
137,Carole
137,Marcus
138,Rosie
138,Carole
138,Melanie
138,Toby
138,Patricia
138,Priya
138,Lucy
138,Gerry
139,Carole
139,Carole
139,Freddy
141,Carole
142,Carole
143,Carole
143,Brian
144,Carole
145,Carole
145,LaTisha
145,Marcus
145,Rosie
145,Toby
145,Patricia
145,Melanie
145,Priya
145,Lucy
146,Gerry
146,Carole
146,Freddy
147,Carole
147,Marcus
147,Freddy
148,Freddy
149,Freddy
149,Carole
150,Bummi
150,Carole
151,Carole
151,Rosie
151,Bummi
151,Augustine
152,Carole
152,Bummi
153,Carole
153,Bummi
153,Freddy
154,Bummi
154,Carole
154,Augustine
154,Shirley
155,Carole
155,Bummi
155,Freddy
156,Bummi
156,Carole
156,Sister Flora
156,Nnu Ego
157,Carole
157,Freddy
157,Bummi
158,Bummi
158,Carole
159,Bummi
159,Carole
159,Moses
159,Iyatunde
160,Bummi
160,Iyatunde
160,Moses
161,Iyatunde
161,Bummi
161,Labi
162,Bummi
162,Iyatunde
162,Labi
162,Aunty Ekio
163,Aunty Ekio
163,Bummi
164,Aunty Ekio
164,Bummi
164,Augustine
165,Augustine
165,Bummi
165,Mrs Williams
166,Mrs Williams
166,Bummi
166,Augustine
167,Bummi
167,Augustine
168,Carole
168,Augustine
168,Bummi
169,Augustine
169,Carole
169,Bummi
170,Augustine
171,Moses
172,Bummi
172,Bishop Aderami Obi
172,Augustine
173,Bishop Aderami Obi
173,Bummi
174,Bummi
174,Sister Flora
174,Carole
174,Penelope
175,Penelope
175,Bummi
175,Carole
175,Giles
175,Phillip
176,Bummi
177,Carole
177,Bummi
177,Sister Omofe
177,Jimoh
177,Tayo
177,Wole
178,Sister Omofe
178,Bummi
179,Bummi
179,Sister Omofe
179,Tayo
179,Wole
180,Bummi
180,Sister Omofe
180,Tayo
180,Wole
180,Augustine
181,Sister Omofe
181,Bummi
181,Sister Moto
182,Bummi
182,Sister Omofe
182,Kofi
183,Kofi
184,Kofi
184,Carole
184,Bummi
185,Kofi
185,Carole
185,Freddy
185,Bummi
186,Carole
186,Kofi
186,Freddy
186,Bummi
186,Mark
186,Pamela
187,Bummi
187,Kofi
187,Omofe
187,Sister Moto
188,Kofi
188,Freddy
188,Carole
188,Bummi
188,Iyatunde
189,LaTisha
190,Jason
190,Jantelle
190,Jordan
190,LaTisha
191,LaTisha
191,Shirley
192,Ms Robertson
192,LaTisha
192,Glenmore
193,Pauline
193,LaTisha
193,Glenmore
193,Jayla
194,Jayla
194,Pauline
194,LaTisha
194,Glenmore
195,Pauline
195,Glenmore
195,LaTisha
195,Jayla
196,Pauline
196,LaTisha
196,Aunty Angie
197,LaTisha
197,Glenmore
197,Pauline
197,Aunty Angie
197,Marva
197,Tiannah
197,Jayla
198,Jayla
198,Pauline
198,Jimmi
198,Glenmore
198,LaTisha
199,Jayla
199,Pauline
199,Aunty Angie
199,Jimmi
199,LaTisha
199,Glenmore
199,Marva
200,Pauline
200,LaTisha
201,LaTisha
201,Chloe
201,Lauren
201,Carole
201,Shirley
202,LaTisha
202,Carole
202,Rupa
202,Tammy
203,Jason
203,Dwight
203,LaTisha
203,LaTisha
204,Dwight
204,LaTisha
205,Dwight
205,LaTisha
205,Pauline
206,LaTisha
206,Pauline
206,Jason
206,Dwight
207,LaTisha
207,Jayla
207,Jason
207,Pauline
207,Mark
207,Lauren
207,Chloe
208,Jason
208,Jantelle
208,LaTisha
208,Pauline
208,Trey
209,LaTisha
209,Carole
209,Trey
209,Shirley
210,Trey
211,Jason
211,Jantelle
211,Jayla
211,Pauline
212,Jordan
212,Jason
212,Jantelle
212,Jordan
212,LaTisha
212,Carter
213,Carter
213,LaTisha
213,Tyrone
214,Kamal
214,Pauline
214,Jayla
214,LaTisha
214,Pauline
214,Jayla
214,Jason
214,Jantelle
214,Jordan
215,Jantelle
215,LaTisha
215,Jordan
215,Trey
215,Pauline
215,Jayla
215,Glenmore
216,Marva
216,Pauline
216,Jason
216,Jantelle
216,Jordan
217,Shirley
218,Winsome
218,Clovis
218,Tony
218,Errol
219,Shirley
219,Lennox
220,Danny
220,Dawna
220,Decima
220,Devonne
220,Doreene
220,David
220,Janet
220,Jenny
220,Jackie
220,Jazil
220,Chris
220,Mark
220,Monica
220,Matthew
220,Rosemary
220,Lenny
220,Lloyd
220,Keith
220,Kevin
220,Helen
220,Ian
220,Sharon
220,Yasmin
220,Jasvin
220,Marlene
220,Merline
220,Ekow
220,Glenford
220,Garry
220,Tim
220,Tom
220,Trevor
220,Tony
220,Terry
220,Kweku
220,Kwaku
220,Kwame
220,Winston
220,Smita
220,Leah
220,Akua
221,Julia
221,Jules
221,Julie
221,Juliette
221,Beverley
221,Brenda
221,Chaz
221,Maz
221,Rory
221,Remi
221,Yemi
221,Abi
221,Aarti
221,Eddie
221,Carlton
221,Kingley
221,Shabnam
221,Kevin
221,Keith
221,Terry
222,Shirley
222,Mr Waverly
223,Moira
223,Billy
223,Mona
223,Ruthine
223,Leroy
223,Shirley
223,Margo
223,Kate
224,Kate
224,John Clayton
224,Margo
224,Shirley
225,Shirley
225,Tina Lowry
225,Roy Stevenson
225,Penelope
225,Kate
226,Penelope
226,Shirley
227,Penelope
227,Shirley
227,Lennox
228,Shirley
228,Lennox
229,Lennox
230,Aunt Myrtille
230,Shirley
231,Aunt Myrtille
231,Shirley
231,Lennox
232,Amma
232,Shirley
233,Amma
233,Shirley
233,Lennox
234,Amma
234,Aunt Myrtille
234,Shirley
234,Gabrielle
234,Lennox
235,Shirley
236,Shirley
238,Johnny Ronson
239,Penelope
239,Shirley
240,Shirley
240,Lennox
241,Shirley
242,Shirley
242,Lennox
243,Lennox
244,Karen
244,Rachel
244,Lennox
244,Shirley
244,Amma
244,Winsome
244,Yazz
245,Shirley
245,Lennox
245,Winsome
245,Carole
246,LaTisha
246,Shirley
246,Chloe
246,Lauren
247,Shirley
247,Carole
248,Carole
248,Shirley
249,Winsome
249,Shirley
249,Lennox
249,Rachel
249,Madison
249,Tony
249,Errol
249,Karen
250,Winsome
250,Amma
250,Shirley
251,Shirley
251,Winsome
252,Clovis
252,Winsome
253,Clovis
253,Winsome
253,Bernadette
253,Celestine
253,Josephine
253,Hazel
253,Trevor
253,Dora
253,Jason
254,Winsome
254,Bernadette
254,Celestine
254,Hazel
255,Dora
255,Winsome
255,Lennox
255,Clovis
256,Winsome
256,Clovis
256,Lennox
256,Shirley
256,Tony
256,Errol
256,Winsome
256,Errol
256,Rachel
257,Shirley
257,Rachel
257,Winsome
257,Clovis
257,Madison
258,Rachel
258,Clovis
259,Clovis
259,Rachel
260,Winsome
260,Rachel
261,Rachel
261,Clovis
262,Clovis
262,Winsome
263,Clovis
263,Rachel
263,Mrs Beresford
263,Mrs Wright
263,Mrs Missingham
264,Tony
264,Errol
264,Mrs Beresford
264,Mrs Wright
264,Mrs Missingham
264,Rachel
264,Winsome
265,Clovis
265,Tony
265,Mr Moray
265,Shirley
265,Clovis
265,Mr Watson
265,Estelle
265,Vivienne
265,Rachel
266,Estelle
266,Shirley
266,Clovis
266,Winsome
266,Lennox
267,Shirley
267,Winsome
267,Clovis
267,Madison
267,Rachel
268,Rachel
268,Winsome
268,Shirley
268,Clovis
269,Winsome
269,Clovis
269,Shirley
269,Lennox
270,Shirley
270,Lennox
270,Clovis
270,Winsome
271,Clovis
271,Lennox
271,Shirley
271,Winsome
271,Rachel
271,Karen
272,Clovis
272,Lennox
273,Karen
273,Rachel
273,Shirley
273,Lennox
274,Shirley
274,Winsome
274,Lennox
274,Clovis
274,Madison
275,Lennox
275,Winsome
275,Shirley
276,Penelope
276,Edwin
277,Margaret
277,Penelope
278,Penelope
279,Penelope
281,Penelope
281,Linda
282,Penelope
282,Edwin
282,Margaret
283,Margaret
283,Penelope
284,Penelope
284,Giles
285,Giles
285,Penelope
286,Adam
286,Sarah
286,Penelope
286,Giles
287,Giles
287,Penelope
287,Mildred
288,Penelope
288,Gloria
288,Giles
289,Penelope
289,Giles
289,Adam
289,Sarah
290,Phillip
290,Penelope
290,Giles
291,Phillip
291,Giles
292,Penelope
293,Penelope
293,Phillip
293,Giles
294,Giles
294,Phillip
294,Penelope
294,Melissa
295,Penelope
295,Melissa
295,Giles
295,Adam
295,Sarah
295,Ravi-Paul
295,Jimmy-Dev
296,Penelope
296,Phillip
296,Bummi
297,Penelope
299,Shirley
299,Penelope
300,Giles
300,Phillip
301,Penelope
301,Sarah
301,Giles
301,Adam
302,Penelope
302,Sarah
303,Sarah
303,Penelope
303,Craig
303,Matty
303,Molly
304,Sarah
304,Craig
304,Penelope
304,Molly
305,Sarah
305,Penelope
305,Craig
307,Megan/Morgan
307,Julie
307,Bibi
307,Mark
308,Megan/Morgan
308,Julie
308,Aunty Sue
309,Mark
309,Uncle Roger
309,Chimango
310,Megan/Morgan
310,Hattie
310,Julie
310,Mark
311,Megan/Morgan
311,Mark
311,Julie
311,Slim
312,Megan/Morgan
312,Hattie
313,Megan/Morgan
313,Mark
314,Megan/Morgan
315,Megan/Morgan
315,Mark
316,Megan/Morgan
316,Rex
316,Julie
316,Chimango
317,Megan/Morgan
318,Bibi
319,Megan/Morgan
319,Bibi
319,Chimango
320,Bibi
320,Megan/Morgan
321,Megan/Morgan
322,Bibi
322,Megan/Morgan
323,Megan/Morgan
323,Bibi
324,Megan/Morgan
324,Bibi
325,Megan/Morgan
325,Bibi
326,Bibi
326,Megan/Morgan
327,Bibi
327,Megan/Morgan
327,Joy
328,Megan/Morgan
328,Bibi
329,Amma
329,Megan/Morgan
330,Megan/Morgan
331,Megan/Morgan
331,Bibi
331,Hattie
332,Megan/Morgan
332,Bibi
332,Hattie
332,Grace
332,Wolde
332,Daisy
333,Bibi
333,Megan/Morgan
334,Megan/Morgan
334,Bibi
334,Julie
335,Megan/Morgan
335,Aaron
336,Yazz
336,Megan/Morgan
337,Megan/Morgan
337,Bibi
338,Megan/Morgan
338,Bibi
338,Yazz
339,Yazz
339,Megan/Morgan
339,Bibi
339,Waris
339,Courtney
339,Nenet
340,Waris
340,Courtney
341,Hattie
341,Ada Mae
341,Sonny
341,Julie
341,Sue
341,Paul
342,Marian
342,Jimmy
342,Matthew
342,Alan
342,Riley
342,Zoe
342,Noah
342,Megan/Morgan
342,Bibi
342,Hattie
342,Grace
343,Billy
343,Slim
343,Polina
343,Hattie
344,Billy
344,Hattie
344,Adam Mae
344,Sonny
345,Hattie
347,Slim
347,Jimmy
347,Sonny
348,Jimmy
348,Ryan
348,Shawn
348,Paul
348,Hattie
348,Alan
348,Cheryl
349,Alan
349,Jimmy
349,Sonny
349,Slim
349,Karen
349,Paul
349,Adam Mae
350,Chimango
350,Julie
350,Hattie
350,Slim
350,Megan/Morgan
350,Bibi
351,Megan/Morgan
351,Hattie
351,Hermione
351,Ruth
351,Grace
351,Joseph
351,Bibi
352,Hattie
352,Bibi
352,Megan/Morgan
352,Ada Mae
353,Sonny
353,Slim
353,Hattie
354,Hattie
354,Ada Mae
354,Sonny
355,Slim
355,Ada Mae
355,Sonny
356,Slim
356,Sonny
356,Hattie
356,Ada Mae
357,Slim
357,Ada Mae
357,Sonny
357,Hattie
358,Sonny
358,Ada Mae
358,Slim
358,Hattie
359,Sonny
359,Ada Mae
359,Hattie
359,Tommy
359,Slim
360,Hattie
360,Ada Mae
360,Slim
360,Sonny
360,Janet
360,Joseph
361,Hattie
361,Grace
362,Hattie
362,Annie
362,Bettina
362,Juliana
362,Slim
363,Grace
363,Joseph
363,Slim
363,Hattie
364,Slim
364,Hattie
365,Slim
365,Smokey
365,Joseph
365,Hattie
366,Hattie
366,Slim
366,Grace
366,Joseph
366,Ada Mae
366,Sonny
366,Daisy
366,Wolde
367,Hattie
367,Captain Linnaeus Rydendale
367,Eudoré
367,Slim
368,Joseph
368,Slim
368,Joseph
368,Hattie
368,Grace
368,Bobby
369,Joseph
369,Grace
369,Hattie
369,Bobby
370,Hattie
370,Grace
370,Penelope
370,Joseph
371,Hattie
371,Penelope
371,Grace
371,Joseph
371,Slim
371,Ada Mae
371,Sonny
372,Grace
372,Wolde
372,Daisy
373,Grace
373,Daisy
373,Ma
374,Grace
374,Daisy
374,Ma
374,Ruby
374,Ernest
375,Mary
375,Daisy
375,Grace
376,Mary
376,Grace
376,Daisy
376,Mrs Langley
376,Wolde
377,Daisy
377,Grace
378,Grace
378,Daisy
378,Wolde
379,Grace
379,Miss Delaunay
380,Sally
380,Bertha
380,Adaline
380,Grace
380,Mrs Langley
381,Grace
381,Mrs Langley
382,Grace
382,Mrs Langley
383,Grace
383,Mrs Langley
383,Baron Hindmarsh
384,Mabel
384,Beatrice
384,Grace
385,Baron Hindmarsh
385,Lady Esmée
385,Grace
386,Grace
386,Joseph
387,Ronnie
387,Grace
387,Joseph
388,Joseph Senior
388,Cathy
388,Grace
388,Mrs Wycombe
389,Joseph
389,Daisy
390,Grace
390,Joseph
390,Agnes
390,Captain Linnaeus Rydendale
391,Agnes
391,Grace
391,Joseph
392,Joseph
392,Mabel
392,Beatrice
393,Grace
393,Joseph
394,Grace
394,Joseph
394,Lily
395,Grace
395,Lily
395,Joseph
395,Daisy
396,Lily
396,Grace
396,Joseph
397,Joseph
397,Grace
397,Hattie
398,Grace
398,Joseph
398,Lily
398,Hattie
398,Flossie
399,Joseph
399,Grace
399,Hattie
400,Grace
400,Joseph
400,Hattie
400,Flossie
401,Hattie
401,Flossie
401,Grace
402,Hattie
402,Grace
402,Flossie
402,Joseph
402,Daisy
402,Hattie
402,Joseph
403,Daisy
403,Joseph
403,Hattie
404,Slim
404,Daisy
404,Hattie
404,Sonny
404,Ada Mae
404,Joseph
405,Roland
405,Amma
406,Roland
406,Amma
407,Amma
407,Sylvester
407,Roland
408,Sylvester
408,Roland
409,Roland
409,Sylvester
409,Amma
410,Roland
410,Sylvester
410,Shirley
411,Dominique
411,Kenny
411,Roland
412,Roland
413,Yazz
413,Roland
413,Amma
414,Yazz
414,Amma
415,Roland
416,Yazz
416,Kenny
416,Roland
417,Roland
417,Kenny
417,Yazz
417,Carole
417,Freddy
418,Freddy
418,Carole
418,Kofi
419,Freddy
419,Shirley
420,Shirley
420,Carole
420,Lennox
420,Lakshmi
421,Shirley
421,Carole
421,Amma
422,Carole
422,Shirley
422,Freddy
423,Shirley
423,Carole
423,Lennox
423,Lakshmi
423,Roland
424,Yazz
424,Amma
424,Roland
424,Lakshmi
424,Carolyn
424,Shirley
425,Amma
425,Dominique
425,Nzinga
425,Shirley
426,Shirley
426,Dominique
426,Amma
427,Amma
427,Shirley
427,Dominique
427,Yazz
427,Roland
427,Lennox
428,Lennox
428,Amma
428,Dominique
429,Amma
429,Dominique
429,Roland
429,Sylvester
430,Amma
430,Dominique
430,Linda
430,Shirley
431,Roland
431,Sylvester
431,Shirley
431,Lakshmi
431,Yazz
431,Dominique
431,Amma
432,Amma
432,Yazz
432,Dominique
433,Amma
433,Yazz
433,Dominique
434,Dominique
434,Amma
435,Amma
435,Yazz
435,Dominique
436,Dominique
436,Amma
436,Nzinga
437,Dominique
437,Amma
437,Megan/Morgan
438,Amma
438,Dominique
439,Penelope
440,Penelope
440,Jeremy
440,Dr Shaw
441,Penelope
441,Giles
441,Jeremy
441,Anne
442,Penelope
442,Jeremy
443,Penelope
443,Jeremy
444,Jeremy
445,Edwin
445,Margaret
445,Sarah
445,Penelope
445,Matty
445,Molly
445,Adam
446,Penelope
446,Jeremy
446,Hugo
447,Penelope
448,Penelope
448,Sarah
449,Sarah
449,Penelope
449,Megan/Morgan
449,Hattie
449,Grace
449,Ada Mae
450,Hattie
450,Penelope
450,Megan/Morgan
451,Captain Linnaeus Rydendale
451,Eudoré
452,Penelope
